{
    "name": "Extension source viewer",
    "description": "View source code of extensions in the Chrome Web Store, Firefox or Opera addon gallery. Has button to install from Chrome Web Store.",
    "version": "1.7.0",
    "manifest_version": 3,
    "minimum_opera_version": "74",
    "developer": {
        "name": "Rob Wu",
        "url": "https://robwu.nl"
    },
    "background": {
        "service_worker": "service_worker.js"
    },
    "action": {
        "default_icon": {
            "19": "icons/19.png",
            "38": "icons/38.png"
        },
        "default_title": "Inspect contents of the current browser extension",
        "default_popup": "popup.html"
    },
    "icons": {
        "16": "icons/16.png",
        "48": "icons/48.png",
        "128": "icons/128.png"
    },
    "options_page": "options.html",
    "permissions": [
        "tabs",
        "storage",
        "contextMenus",
        "downloads",
        "declarativeContent"
    ],
    "host_permissions": [
        "*://clients2.google.com/service/update2/crx*",
        "*://clients2.googleusercontent.com/crx/download/*",
        "*://addons.opera.com/*",
        "*://*/*"
    ],
    "incognito": "split"
}
